country,source_name,url,source_type,language,focus,confidence,notes
United Kingdom,IET Wiring and the Regulations,https://electrical.theiet.org/forums/,forum,en,electrical systems design BS 7671,high,"Professional UK electrical engineering forum"
United Kingdom,ElectriciansForums.net,https://www.electriciansforums.net/,forum,en,electricians solar PV installation,high,"Large trade forum; useful for PV and installation questions"
United Kingdom,Talk Electrician Solar PV Forum,https://electricianforum.co.uk/forums/solar-pv-forum.38/,forum,en,solar PV electrical wiring,high,"Dedicated Solar PV forum"
Ireland,Boards.ie Solar PV tag,https://www.boards.ie/discussions/tagged/solar-pv/p1,forum,en,solar PV Irish market,high,"Active Irish public forum discussions"
Ireland,Boards.ie Renewable Energies,https://www.boards.ie/categories/renewable-energies,forum,en,renewables solar PV,medium,"Good for homeowner and installer discussions"
Ireland,ElectriciansForums.net Ireland solar PV,https://www.electriciansforums.net/search/1967353/?q=Ireland+solar+PV,forum,en,electricians solar PV Ireland,medium,"Search-based monitoring candidate"
France,Forum Photovoltaïque,https://forum-photovoltaique.fr/,forum,fr,solar PV design installation,high,"Large dedicated French PV forum"
France,ForumConstruire Electricité,https://www.forumconstruire.com/construire/forum-10.php,forum,fr,electrical installation design,medium,"Building/electrical forum; good lead source"
France,Futura Sciences Maison Electricité,https://forums.futura-sciences.com/bricolage-decoration/,forum,fr,electrical installation troubleshooting,medium,"Broad technical DIY forum; filter by electricity/PV keywords"
Germany,Photovoltaikforum,https://www.photovoltaikforum.com/,forum,de,solar PV storage grid connection,high,"Major German PV forum"
Germany,DieSteckdose,https://www.diesteckdose.net/,forum,de,electrical installation regulations,high,"German electrical professional forum"
Germany,Mikrocontroller.net Energieforum,https://www.mikrocontroller.net/forum/energie,forum,de,power electronics energy PV,medium,"Engineering-heavy discussions; useful for technical leads"
Italy,ElectroYou Forum,https://www.electroyou.it/forum/,forum,it,electrical design PV standards,high,"Professional electrical community"
Italy,PLC Forum Impianti Elettrici,https://www.plcforum.it/f/forum/95-impianti-elettrici-civili-e-industriali/,forum,it,electrical industrial installations,high,"Good for industrial electrical topics"
Italy,EnergeticAmbiente,https://www.energeticambiente.it/,forum,it,renewable energy PV storage,medium,"Renewables-heavy community"
Spain,ForoElectricidad.com,https://www.foroelectricidad.com/,forum,es,electrical installation PV,high,"Dedicated Spanish electrical forum"
Spain,ForoElectricidad.net,https://www.foroelectricidad.net/,forum,es,electrical questions PV,medium,"General electrical forum"
Spain,Solarweb Foro,https://www.solarweb.net/forosolar/,forum,es,solar PV renewables,high,"Dedicated Spanish solar forum"
Portugal,CPHA.pt Forum,https://forum.cpha.pt/,forum,pt,electrical solar home energy,medium,"Portuguese public technical/community forum"
Portugal,NovaEnergia Forum,https://www.novaenergia.net/forum/,forum,pt,renewables solar energy,medium,"Renewable energy community; verify activity before heavy monitoring"
Portugal,Zwame Energia,https://forum.zwame.pt/,forum,pt,technology solar energy,low,"Broad tech forum; keyword monitoring candidate"
Netherlands,Tweakers Zonnepanelen,https://gathering.tweakers.net/forum/list_topics/71,forum,nl,solar PV energy smart home,high,"Very active Dutch tech forum; use PV/energy topics"
Netherlands,Klusidee Elektriciteit,https://www.klusidee.nl/Forum/forums/elektra.23/,forum,nl,electrical installation PV,high,"Dutch DIY electrical forum"
Netherlands,Zelf Energie Produceren,https://www.zelfenergieproduceren.nl/forum/zonnepanelen/,forum,nl,solar panels self generation,medium,"Dedicated PV section"
Belgium,Zonstraal Forum,https://www.zonstraal.be/forum/,forum,nl,solar PV Belgium,high,"Specialized Belgian PV forum"
Belgium,BouwInfo Elektriciteit,https://www.bouwinfo.be/bouwforum/forums/technieken-elektriciteit.20/,forum,nl,electrical building PV,high,"Belgian building/electrical forum"
Belgium,Livios Forum Elektriciteit,https://www.livios.be/nl/forum/elektriciteit/,forum,nl,electrical installations solar,medium,"Belgian homeowner/pro forum"
Poland,Elektroda.pl,https://www.elektroda.pl/rtvforum/,forum,pl,electrical electronics PV,high,"Very large Polish technical forum"
Poland,ISE Forum Elektryka,https://forum.ise.pl/,forum,pl,electrical engineering measurements PV,high,"Professional electrical forum"
Poland,Fotovolty.info,https://fotovolty.info/,forum,pl,off-grid PV batteries,medium,"Dedicated PV/off-grid forum"
Czech Republic,MyPower.CZ Forum,https://forum.mypower.cz/,forum,cs,PV batteries self-sufficiency,high,"Dedicated Czech PV/energy forum"
Czech Republic,SolarForum.cz,https://solarforum.cz/,forum,cs,PV off-grid hybrid systems,high,"PV forum with CZ/SK reach"
Czech Republic,Elektrika.cz Diskuse,https://diskuse.elektrika.cz/,forum,cs,electrical installation standards,medium,"Electrical-professional discussions"
Slovakia,Modrá Strecha Elektrika,https://www.modrastrecha.sk/forum/elektrika/,forum,sk,electrical installation PV,medium,"Slovak building/electrical forum"
Slovakia,SolarForum.cz Slovak topics,https://solarforum.cz/,forum,sk,PV hybrid systems Slovakia,medium,"CZ/SK shared PV forum"
Slovakia,Porada.sk Energia,https://www.porada.sk/,forum,sk,electricity solar questions,low,"Broad Slovak forum; keyword monitoring candidate"
Hungary,Villanyszerelő Szakmai Fórum,https://villanyszerelo.forum.hu/,forum,hu,electricians PV installations,high,"Hungarian electrician forum"
Hungary,PROHARDVER Napelem topic,https://prohardver.hu/tema/napelem_de_csak_finoman/friss.html,forum,hu,solar PV home systems,medium,"Large Hungarian tech forum topic"
Hungary,Index Fórum Energia,https://forum.index.hu/,forum,hu,energy electricity solar,low,"Broad forum; keyword/search monitoring candidate"
Austria,Energiesparhaus Photovoltaik,https://www.energiesparhaus.at/forum-photovoltaik,forum,de,PV home energy Austria,high,"Active Austrian building/energy forum"
Austria,Photovoltaikforum Austria,https://www.photovoltaikforum.com/,forum,de,PV Austria DACH,medium,"Use Austria-specific topics/search"
Austria,HaustechnikDialog Austria topics,https://www.haustechnikdialog.de/Forum,forum,de,building services PV heat pumps,medium,"DACH building services discussions"
Switzerland,forumE.ch,https://forume.ch/,forum,de/fr,Swiss energy transition PV,high,"Swiss SSES energy forum"
Switzerland,forumE.ch French,https://francais.forume.ch/,forum,fr,Swiss PV energy transition,medium,"French-language Swiss energy forum"
Switzerland,HaustechnikDialog Switzerland topics,https://www.haustechnikdialog.de/Forum,forum,de,building services PV,medium,"DACH forum; filter Switzerland"
Sweden,Elbruk Forum,https://forum.elbruk.se/,forum,sv,electricity market solar PV,medium,"Swedish electricity/solar forum"
Sweden,Byggahus El,https://www.byggahus.se/forum/forums/el.57/,forum,sv,electrical installation PV,high,"Large Swedish building/electrical forum"
Sweden,Byggahus Solceller,https://www.byggahus.se/forum/forums/solceller.71/,forum,sv,solar PV,high,"Solar-specific section"
Norway,FikseSelv Solceller og Solkraft,https://www.fikseselv.no/forums/solceller-og-solkraft.174/,forum,no,solar PV Norway,high,"Dedicated Norwegian solar section"
Norway,Trainor Forum Solceller,https://www.trainor.no/forum/automasjon/kraftproduksjon-solceller,forum,no,automation power production solar,medium,"Professional training/forum site"
Norway,ByggeBolig Energi,https://byggebolig.no/energi-varme,forum,no,energy electrical solar,medium,"Norwegian building/energy forum"
Denmark,Lav-det-selv El,https://www.lav-det-selv.dk/forum/el,forum,da,electrical installation solar,high,"Danish DIY/electrical forum"
Denmark,Lav-det-selv Solceller search,https://www.lav-det-selv.dk/forum/s?q=solceller,forum,da,solar PV,medium,"Search/source candidate for PV questions"
Denmark,Amino Debat,https://www.amino.dk/forums/,forum,da,business installers solar,medium,"Business forum; useful for contractor leads"
Finland,Maalämpöfoorumi Aurinkosähkö,https://www.maalampofoorumi.fi/index.php?board=46.0,forum,fi,solar PV heat pump integration,high,"Finnish energy forum with solar section"
Finland,Sijoitustieto Aurinkopanelit,https://www.sijoitustieto.fi/sijoituskeskustelu/kahvihuone/aurinkopanelit-sijoituksena,forum,fi,solar economics PV,medium,"Investor/community discussion"
Finland,Lämpöpumput.info,https://lampopumput.info/foorumi/,forum,fi,heat pumps solar electricity,medium,"Energy systems forum; keyword monitor"
Greece,DIY Solar Greece,https://diy-solar.gr/,forum,el,PV off-grid net metering,high,"Greek dedicated PV forum"
Greece,Monachos.gr Forum,https://www.monachos.gr/forum/,forum,el,energy HVAC mechanical electrical,medium,"Greek technical forum; energy management"
Greece,Michanikos.gr Forum,https://www.michanikos.gr/forums/,forum,el,engineering design energy,medium,"Greek engineers forum"
Romania,Elforum.ro,https://www.elforum.ro/,forum,ro,electronics electrical PV,medium,"Romanian technical forum"
Romania,Softpedia Energie Alternativa,https://forum.softpedia.com/forum/437-energie-alternativa/,forum,ro,solar renewable energy,high,"Active Romanian alternative energy forum"
Romania,Misiunea Casa Electricitate,https://www.misiuneacasa.ro/forum/forum/instalatii-incalzire-ventilare-conditionare-instalatii-electrice-si-instalatii-sanitare/instalatii-electrice,forum,ro,electrical installations,medium,"Home/building electrical forum"
Bulgaria,SetCombG Solar Energy,https://forum.setcombg.com/,forum,bg,solar PV energy,medium,"Bulgarian tech forum; keyword monitoring"
Bulgaria,Napravisam.bg Electricity,https://forum.napravisam.bg/,forum,bg,electrical construction PV,medium,"Bulgarian DIY/building forum"
Bulgaria,Predavatel Energy topics,https://forum.predavatel.com/,forum,bg,energy infrastructure,low,"Broad forum; verify topic quality"
Croatia,Forum.hr Solarni Paneli,https://www.forum.hr/,forum,hr,solar panels energy,medium,"Large Croatian forum; keyword monitoring"
Croatia,Elektronika.ba Forum,https://www.elektronika.ba/forum/,forum,hr/bs,electronics power,medium,"Regional electronics forum"
Croatia,Build.hr Forum,https://www.build.hr/forum/,forum,hr,construction electrical,low,"Verify activity; construction/electrical candidate"
Slovenia,Podsvojostreho.net,https://www.podsvojostreho.net/forum/,forum,sl,building electrical solar,high,"Slovenian construction forum"
Slovenia,Alter.si Solar topics,https://www.alter.si/,forum,sl,solar energy home,low,"Broad Slovenian forum; keyword monitoring"
Slovenia,Elektronik.si Forum,https://www.elektronik.si/phpBB2/,forum,sl,electronics electrical,medium,"Technical electronics forum"
Serbia,Elitesecurity Elektrotehnika,https://www.elitesecurity.org/f36-Elektrotehnika,forum,sr,electrical engineering,high,"Serbian technical forum"
Serbia,Benchmark Forum Solar topics,https://forum.benchmark.rs/,forum,sr,solar home energy tech,medium,"Large Serbian tech forum; keyword monitoring"
Serbia,Samsvojmajstor Elektro,https://www.samsvojmajstor.com/portal/forums/uradi-sam/elektroinstalacije,forum,sr,electrical installations,medium,"DIY/electrical installation forum"
Bosnia and Herzegovina,Klix Forum,https://forum.klix.ba/,forum,bs,energy solar country discussions,medium,"Large Bosnian forum; keyword monitoring"
Bosnia and Herzegovina,Elektronika.ba Forum,https://www.elektronika.ba/forum/,forum,bs/hr,electronics power,medium,"Regional technical community"
Bosnia and Herzegovina,Reddit Bosnia,https://www.reddit.com/r/bih/,reddit,bs/en,country energy questions,medium,"Fallback lead monitoring via Reddit API"
Montenegro,Reddit Montenegro,https://www.reddit.com/r/montenegro/,reddit,me/en,country energy solar leads,medium,"No strong specialist forum found; use keyword monitoring"
Montenegro,Cafe del Montenegro Forum,https://forum.cdm.me/,forum,me,local discussions energy,low,"Broad local forum; verify access and activity"
Montenegro,SkyscraperCity Montenegro energy,https://www.skyscrapercity.com/forums/montenegro.555/,forum,en/me,infrastructure energy,low,"Infrastructure discussions; not a pure electrical forum"
North Macedonia,IT.mk Forum,https://forum.it.mk/,forum,mk,technology solar energy,medium,"Large Macedonian tech forum; keyword monitoring"
North Macedonia,Reddit Macedonia,https://www.reddit.com/r/mkd/,reddit,mk/en,country energy leads,medium,"Fallback lead monitoring"
North Macedonia,SkyscraperCity Macedonia,https://www.skyscrapercity.com/forums/macedonia.717/,forum,en/mk,infrastructure energy,low,"Infrastructure forum"
Albania,Reddit Albania,https://www.reddit.com/r/albania/,reddit,sq/en,country energy solar leads,medium,"Fallback lead monitoring"
Albania,SkyscraperCity Albania,https://www.skyscrapercity.com/forums/albania.76/,forum,en/sq,infrastructure energy,low,"Infrastructure forum"
Albania,Forumi Shqiptar,https://www.forumishqiptar.com/,forum,sq,local discussions,low,"Broad local forum; verify topic quality"
Kosovo,Reddit Kosovo,https://www.reddit.com/r/kosovo/,reddit,sq/en,country energy solar leads,medium,"Fallback lead monitoring"
Kosovo,SkyscraperCity Kosovo,https://www.skyscrapercity.com/forums/kosovo.689/,forum,en/sq,infrastructure energy,low,"Infrastructure forum"
Kosovo,Telegrafi community,https://telegrafi.com/,news,sq,energy news comments,low,"News/comments source candidate, not a specialist forum"
Estonia,Ehitusfoorum Elekter,https://www.ehitusfoorum.com/,forum,et,construction electrical solar,medium,"Estonian construction/electrical forum"
Estonia,Hinnavaatlus Foorum,https://foorum.hinnavaatlus.ee/,forum,et,technology solar energy,medium,"Tech forum; keyword monitoring"
Estonia,Reddit Eesti,https://www.reddit.com/r/Eesti/,reddit,et/en,country energy leads,medium,"Fallback Reddit monitoring"
Latvia,Building.lv Forums,https://building.lv/forums/,forum,lv,construction electrical,medium,"Latvian building forum; keyword monitoring"
Latvia,Boot.lv Forum,https://boot.ritakafija.lv/forums/,forum,lv,technology energy,low,"Broad tech forum; verify activity"
Latvia,Reddit Latvia,https://www.reddit.com/r/latvia/,reddit,lv/en,country energy leads,medium,"Fallback Reddit monitoring"
Lithuania,Supermama Statyba,https://www.supermama.lt/forumas/forum/163-namai-butai-statyba-remontas/,forum,lt,construction electrical solar,low,"Broad construction forum; keyword monitoring"
Lithuania,Elektronika.lt Forum,https://forum.elektronika.lt/,forum,lt,electronics electrical,medium,"Technical electronics forum"
Lithuania,Reddit Lithuania,https://www.reddit.com/r/lithuania/,reddit,lt/en,country energy leads,medium,"Fallback Reddit monitoring"
Luxembourg,Reddit Luxembourg,https://www.reddit.com/r/Luxembourg/,reddit,en/fr/de,country solar electrical leads,medium,"Good local monitoring fallback"
Luxembourg,Expat.com Luxembourg Forum,https://www.expat.com/forum/viewforum.php?id=244,forum,en/fr,local services solar contractors,low,"Lead source, not specialist electrical forum"
Luxembourg,SkyscraperCity Luxembourg,https://www.skyscrapercity.com/forums/luxembourg.1135/,forum,en/fr,infrastructure energy,low,"Infrastructure discussions"
Malta,Reddit Malta,https://www.reddit.com/r/malta/,reddit,en,solar PV electricity leads,medium,"Local discussion source"
Malta,MaltaPark Forums,https://www.maltapark.com/forum,forum,en/mt,local services,low,"Broad local source; verify activity"
Malta,Expats Malta Forum,https://www.expat.com/forum/viewforum.php?id=415,forum,en,local services solar,low,"Lead source; not specialist"
Cyprus,Reddit Cyprus,https://www.reddit.com/r/cyprus/,reddit,en/el,country solar energy leads,medium,"Local discussion source"
Cyprus,Angloinfo Cyprus Forum,https://www.angloinfo.com/cyprus/discussions,forum,en,expat services solar,low,"Lead source; verify activity"
Cyprus,Eastern Cyprus Forum,https://www.easterncyprus.com/,forum,en,local services solar,low,"Broad local forum"
Iceland,Reddit Iceland,https://www.reddit.com/r/Iceland/,reddit,is/en,country electricity leads,medium,"Fallback monitoring"
Iceland,Bland.is,https://bland.is/umraeda/,forum,is,local discussions energy,low,"Broad Icelandic forum"
Iceland,SkyscraperCity Iceland,https://www.skyscrapercity.com/forums/iceland.446/,forum,en/is,infrastructure energy,low,"Infrastructure discussion source"
Ukraine,ForumHouse Ukraine electricity,https://www.forumhouse.com.ua/,forum,uk/ru,electrical solar backup power,medium,"Building/electrical backup-power discussions"
Ukraine,Electrotransport Ukraine,https://forum.electrotransport.ru/,forum,ru/uk,electrical traction power,medium,"Electrical transport/power topics"
Ukraine,Reddit Ukraine,https://www.reddit.com/r/ukraine/,reddit,en/uk,country energy leads,medium,"Fallback monitoring"
Moldova,Forum.md,https://forum.md/,forum,ro/ru,local energy solar,low,"Broad local source; verify topic quality"
Moldova,Reddit Moldova,https://www.reddit.com/r/moldova/,reddit,ro/en,country energy leads,medium,"Fallback monitoring"
Moldova,999.md Forum/Community,https://999.md/,classifieds,ro/ru,solar/electrical service leads,low,"Marketplace/classifieds source; not forum"
Belarus,Onliner Forum,https://forum.onliner.by/,forum,ru,construction electrical solar,medium,"Large Belarusian forum; keyword monitoring"
Belarus,ForumHouse Belarus topics,https://www.forumhouse.ru/,forum,ru,electrical solar construction,low,"Russian-language regional topics; filter Belarus"
Belarus,Reddit Belarus,https://www.reddit.com/r/belarus/,reddit,be/ru/en,country energy leads,medium,"Fallback monitoring"
