region,country,source_name,url,source_type,language,focus,confidence,enabled,notes
Global,Global,Eng-Tips Electric Power Transmission & Distribution,https://www.eng-tips.com/forums/electric-power-transmission-distribution.237/,forum,en,substation transmission distribution power systems,high,1,"Global engineering Q&A forum; strong for substation/power systems"
Global,Global,Mike Holt Forum,https://forums.mikeholt.com/,forum,en,NEC electrical solar grounding power systems,high,1,"Major electrical code forum; strong for PV and grounding"
Global,Global,Electrical Engineering Forum High Voltage,https://electricalengineering.forum/forums/high-voltage-power-distribution.19/,forum,en,high voltage power distribution,medium,1,"General EE forum high-voltage section"
Global,Global,ECN Electrical Forums,https://www.electrical-contractor.net/forums/,forum,en,electrical contractors non-US systems,medium,1,"International electrical contractor forum"
Global,Global,DIY Solar Power Forum,https://diysolarforum.com/,forum,en,solar PV batteries inverters off-grid,high,1,"Very active global solar/off-grid forum"
Global,Global,Northern Arizona Wind & Sun Forum,https://forum.solar-electric.com/,forum,en,solar electric off-grid PV,high,1,"Long-running solar-electric forum"
Global,Global,Clean Energy Reviews Forum,https://forum.cleanenergyreviews.info/,forum,en,solar inverters batteries C&I PV,medium,1,"Solar and battery discussion forum"
Global,Global,PowerForum.org,https://powerforum.org/,forum,en,power systems solar electrical energy design,medium,1,"Energy systems community"
Global,Global,r/PowerSystemsEngineering candidate,https://www.reddit.com/r/PowerSystemsEngineering/search.rss?q=substation%20OR%20protection%20OR%20transmission%20OR%20distribution&restrict_sr=1&sort=new,reddit,en,power systems engineering,low,1,"Verify activity; RSS candidate"
Global,Global,r/solarenergy,https://www.reddit.com/r/solarenergy/search.rss?q=utility%20OR%20commercial%20OR%20BESS%20OR%20substation%20OR%20interconnection&restrict_sr=1&sort=new,reddit,en,solar energy utility BESS,medium,1,"Solar news/discussion"
Global,Global,r/SolarDIY,https://www.reddit.com/r/SolarDIY/search.rss?q=inverter%20OR%20battery%20OR%20grounding%20OR%20PV%20OR%20grid&restrict_sr=1&sort=new,reddit,en,DIY solar PV batteries,medium,1,"Alternative solar DIY community"
North America,United States,Electrician Talk,https://www.electriciantalk.com/,forum,en,electricians solar PV NEC,high,1,"Large electrician forum"
North America,United States,Contractor Talk Electrical,https://www.contractortalk.com/forums/electrical.42/,forum,en,electrical contractors,medium,1,"Contractor forum electrical section"
North America,United States,The Building Code Forum Electrical,https://www.thebuildingcodeforum.com/forum/forums/electrical-codes.13/,forum,en,electrical code solar permits,medium,1,"Code discussion source"
North America,United States,r/AskElectricians,https://www.reddit.com/r/AskElectricians/search.rss?q=solar%20OR%20panel%20upgrade%20OR%20grounding%20OR%20PV%20OR%20transformer&restrict_sr=1&sort=new,reddit,en,electrical homeowner questions leads,high,1,"Lead source for electrical questions"
North America,United States,r/solarinstallers,https://www.reddit.com/r/solarinstallers/search.rss?q=design%20OR%20permit%20OR%20electrical%20OR%20commercial%20OR%20utility&restrict_sr=1&sort=new,reddit,en,solar installers,medium,1,"Solar installer community"
North America,United States,r/solarenergy,https://www.reddit.com/r/solarenergy/search.rss?q=US%20OR%20utility%20OR%20BESS%20OR%20EPC%20OR%20interconnection&restrict_sr=1&sort=new,reddit,en,US solar energy,medium,1,"US-heavy solar discussions"
North America,United States,Facebook US Solar Installers search,https://www.facebook.com/search/groups/?q=US%20solar%20installers,facebook_search,en,US solar installers,medium,0,"Manual review candidate"
North America,United States,Facebook Electrical Contractors USA search,https://www.facebook.com/search/groups/?q=electrical%20contractors%20USA,facebook_search,en,US electrical contractors,medium,0,"Manual review candidate"
North America,Canada,Mike Holt Canadian Electrical Forum,https://forums.mikeholt.com/forums/canadian-electrical-forum.48/,forum,en,Canadian electrical code PV,high,1,"Canadian electrical forum"
North America,Canada,Electrician Talk Canada search,https://www.electriciantalk.com/search/203780/?q=Canada%20solar%20CEC,forum,en,Canadian electricians solar CEC,medium,1,"Search/source candidate"
North America,Canada,r/canada Solar/Electric search,https://www.reddit.com/r/canada/search.rss?q=solar%20OR%20electrician%20OR%20hydro%20OR%20grid%20OR%20power%20factor&restrict_sr=1&sort=new,reddit,en/fr,Canada solar electricity,medium,1,"Country search fallback"
North America,Canada,r/PersonalFinanceCanada Solar search,https://www.reddit.com/r/PersonalFinanceCanada/search.rss?q=solar%20panels%20OR%20heat%20pump%20OR%20electricity%20bill&restrict_sr=1&sort=new,reddit,en,Canada residential solar leads,medium,1,"Lead source for solar/electricity decisions"
North America,Canada,Facebook Canada Solar Installers search,https://www.facebook.com/search/groups/?q=Canada%20solar%20installers,facebook_search,en/fr,Canada solar installers,medium,0,"Manual review candidate"
North America,Mexico,Foros de Electrónica Mexico,https://www.forosdeelectronica.com/,forum,es,electronics electrical solar,medium,1,"Spanish technical forum used across LATAM"
North America,Mexico,r/mexico Solar/Electricidad search,https://www.reddit.com/r/mexico/search.rss?q=paneles%20solares%20OR%20electricidad%20OR%20subestaci%C3%B3n%20OR%20inversor&restrict_sr=1&sort=new,reddit,es,Mexico solar electrical,medium,1,"Country search fallback"
North America,Mexico,Facebook Mexico Fotovoltaica search,https://www.facebook.com/search/groups/?q=fotovoltaica%20Mexico,facebook_search,es,Mexico photovoltaics,medium,0,"Manual review candidate"
Latin America,Brazil,Portal Solar Forum/Community,https://www.portalsolar.com.br/,news,pt,solar PV Brazil market,medium,1,"News/industry source; find forums/comments manually"
Latin America,Brazil,Hardware.com.br Energia Solar search,https://www.hardware.com.br/comunidade/,forum,pt,technology solar electrical,low,1,"Broad tech forum; keyword monitor"
Latin America,Brazil,r/brasil Solar/Energia search,https://www.reddit.com/r/brasil/search.rss?q=energia%20solar%20OR%20fotovoltaica%20OR%20eletricista%20OR%20subesta%C3%A7%C3%A3o&restrict_sr=1&sort=new,reddit,pt,Brazil solar electrical,medium,1,"Country search fallback"
Latin America,Brazil,Facebook Energia Solar Brasil search,https://www.facebook.com/search/groups/?q=energia%20solar%20Brasil,facebook_search,pt,Brazil solar groups,medium,0,"Manual review candidate"
Latin America,Argentina,Foros de Electrónica Argentina/LATAM,https://www.forosdeelectronica.com/,forum,es,electrical electronics solar LATAM,medium,1,"Regional Spanish technical forum"
Latin America,Argentina,r/argentina Solar/Electricidad search,https://www.reddit.com/r/argentina/search.rss?q=solar%20OR%20fotovoltaica%20OR%20electricidad%20OR%20subestaci%C3%B3n&restrict_sr=1&sort=new,reddit,es,Argentina solar electrical,medium,1,"Country search fallback"
Latin America,Argentina,Facebook Energia Solar Argentina search,https://www.facebook.com/search/groups/?q=energia%20solar%20Argentina,facebook_search,es,Argentina solar groups,medium,0,"Manual review candidate"
Latin America,Chile,Chile Hardware Forum Energia,https://www.chw.net/foro/,forum,es,technology electrical solar,low,1,"Broad tech forum; keyword monitor"
Latin America,Chile,r/chile Solar/Electricidad search,https://www.reddit.com/r/chile/search.rss?q=solar%20OR%20fotovoltaica%20OR%20electricidad%20OR%20subestaci%C3%B3n&restrict_sr=1&sort=new,reddit,es,Chile solar electrical,medium,1,"Country search fallback"
Latin America,Chile,Facebook Energia Solar Chile search,https://www.facebook.com/search/groups/?q=energia%20solar%20Chile,facebook_search,es,Chile solar groups,medium,0,"Manual review candidate"
Latin America,Colombia,r/Colombia Solar/Electricidad search,https://www.reddit.com/r/Colombia/search.rss?q=solar%20OR%20fotovoltaica%20OR%20electricidad%20OR%20subestaci%C3%B3n&restrict_sr=1&sort=new,reddit,es,Colombia solar electrical,medium,1,"Country search fallback"
Latin America,Colombia,Facebook Energia Solar Colombia search,https://www.facebook.com/search/groups/?q=energia%20solar%20Colombia,facebook_search,es,Colombia solar groups,medium,0,"Manual review candidate"
Latin America,Peru,r/PERU Solar/Electricidad search,https://www.reddit.com/r/PERU/search.rss?q=solar%20OR%20fotovoltaica%20OR%20electricidad%20OR%20subestaci%C3%B3n&restrict_sr=1&sort=new,reddit,es,Peru solar electrical,medium,1,"Country search fallback"
Latin America,Peru,Facebook Energia Solar Peru search,https://www.facebook.com/search/groups/?q=energia%20solar%20Peru,facebook_search,es,Peru solar groups,medium,0,"Manual review candidate"
Latin America,Uruguay,r/uruguay Solar/Electricidad search,https://www.reddit.com/r/uruguay/search.rss?q=solar%20OR%20fotovoltaica%20OR%20electricidad%20OR%20subestaci%C3%B3n&restrict_sr=1&sort=new,reddit,es,Uruguay solar electrical,medium,1,"Country search fallback"
Latin America,Central America,Facebook Energia Solar Centroamerica search,https://www.facebook.com/search/groups/?q=energia%20solar%20Centroamerica,facebook_search,es,Central America solar groups,medium,0,"Manual review candidate"
Middle East,UAE,r/UAE Solar/Electrical search,https://www.reddit.com/r/UAE/search.rss?q=solar%20OR%20PV%20OR%20DEWA%20OR%20electrical%20OR%20substation&restrict_sr=1&sort=new,reddit,en,UAE solar electrical DEWA,high,1,"Country search; relevant for GCC"
Middle East,UAE,r/UAEjobseekers Solar Engineer search,https://www.reddit.com/r/UAEjobseekers/search.rss?q=solar%20engineer%20OR%20electrical%20engineer%20OR%20substation%20OR%20renewable&restrict_sr=1&sort=new,reddit,en,UAE solar/electrical jobs leads,medium,1,"Lead source for professionals"
Middle East,UAE,Middle East Energy,https://www.middleeast-energy.com/,news,en,power industry generation T&D solar storage,high,1,"Regional industry event/news source"
Middle East,UAE,Facebook UAE Solar PV search,https://www.facebook.com/search/groups/?q=UAE%20solar%20PV,facebook_search,en,UAE solar groups,medium,0,"Manual review candidate"
Middle East,Saudi Arabia,r/saudiarabia Solar/Electrical search,https://www.reddit.com/r/saudiarabia/search.rss?q=solar%20OR%20PV%20OR%20electrical%20OR%20substation%20OR%20SEC&restrict_sr=1&sort=new,reddit,en/ar,Saudi solar electrical SEC,high,1,"Country search; strong GCC market"
Middle East,Saudi Arabia,r/Riyadh Energy jobs search,https://www.reddit.com/r/Riyadh/search.rss?q=solar%20OR%20renewable%20OR%20electrical%20engineer%20OR%20substation&restrict_sr=1&sort=new,reddit,en/ar,Saudi energy jobs leads,medium,1,"Lead source for professionals"
Middle East,Saudi Arabia,Saudi Gulf Projects Solar search,https://www.saudigulfprojects.com/?s=solar,news,en,Saudi solar project news,medium,1,"Project news source"
Middle East,Saudi Arabia,Facebook Saudi Solar PV search,https://www.facebook.com/search/groups/?q=Saudi%20solar%20PV,facebook_search,en/ar,Saudi solar groups,medium,0,"Manual review candidate"
Middle East,Qatar,r/qatar Solar/Electrical search,https://www.reddit.com/r/qatar/search.rss?q=solar%20OR%20electrical%20OR%20Kahramaa%20OR%20substation&restrict_sr=1&sort=new,reddit,en/ar,Qatar solar electrical,medium,1,"Country search fallback"
Middle East,Qatar,Facebook Qatar Solar PV search,https://www.facebook.com/search/groups/?q=Qatar%20solar%20PV,facebook_search,en/ar,Qatar solar groups,medium,0,"Manual review candidate"
Middle East,Kuwait,r/Kuwait Solar/Electrical search,https://www.reddit.com/r/Kuwait/search.rss?q=solar%20OR%20electrical%20OR%20substation%20OR%20MEW&restrict_sr=1&sort=new,reddit,en/ar,Kuwait solar electrical,medium,1,"Country search fallback"
Middle East,Oman,r/Oman Solar/Electrical search,https://www.reddit.com/r/Oman/search.rss?q=solar%20OR%20electrical%20OR%20substation%20OR%20grid&restrict_sr=1&sort=new,reddit,en/ar,Oman solar electrical,medium,1,"Country search fallback"
Middle East,Bahrain,r/Bahrain Solar/Electrical search,https://www.reddit.com/r/Bahrain/search.rss?q=solar%20OR%20electrical%20OR%20substation%20OR%20grid&restrict_sr=1&sort=new,reddit,en/ar,Bahrain solar electrical,medium,1,"Country search fallback"
Middle East,Jordan,r/jordan Solar/Electrical search,https://www.reddit.com/r/jordan/search.rss?q=solar%20OR%20electrical%20OR%20PV%20OR%20substation&restrict_sr=1&sort=new,reddit,en/ar,Jordan solar electrical,medium,1,"Country search fallback"
Middle East,Israel,r/Israel Solar/Electrical search,https://www.reddit.com/r/Israel/search.rss?q=solar%20OR%20electrical%20OR%20PV%20OR%20grid%20OR%20substation&restrict_sr=1&sort=new,reddit,en/he,Israel solar electrical,medium,1,"Country search fallback"
Middle East,Egypt,r/Egypt Solar/Electrical search,https://www.reddit.com/r/Egypt/search.rss?q=solar%20OR%20PV%20OR%20electrical%20OR%20substation%20OR%20Benban&restrict_sr=1&sort=new,reddit,en/ar,Egypt solar electrical,medium,1,"Country search fallback"
Africa,South Africa,Power Forum South Africa,https://powerforum.co.za/,forum,en,solar batteries load shedding inverters,high,1,"Very active South African renewable energy forum"
Africa,South Africa,MyBroadband Solar Photovoltaics,https://mybroadband.co.za/forum/tags/solar-photovoltaics/,forum,en,solar PV South Africa,high,1,"Active South African forum/tag"
Africa,South Africa,AVForums South Africa Alternative Power,https://www.avforums.co.za/forums/alternative-power.90/,forum,en,alternative power solar South Africa,medium,1,"Alternative/off-grid power forum"
Africa,South Africa,r/southafrica Solar/Electricity search,https://www.reddit.com/r/southafrica/search.rss?q=solar%20OR%20loadshedding%20OR%20inverter%20OR%20electrician%20OR%20Eskom&restrict_sr=1&sort=new,reddit,en,South Africa solar load shedding leads,high,1,"Country search with strong solar demand"
Africa,South Africa,Facebook South Africa Solar Installers search,https://www.facebook.com/search/groups/?q=South%20Africa%20solar%20installers,facebook_search,en,South Africa solar groups,medium,0,"Manual review candidate"
Africa,Nigeria,Nairaland Solar/Electricity search,https://www.nairaland.com/search?q=solar+electricity+inverter,forum,en,Nigeria solar inverters electrical,medium,1,"Large Nigerian forum; search candidate"
Africa,Nigeria,r/Nigeria Solar/Electricity search,https://www.reddit.com/r/Nigeria/search.rss?q=solar%20OR%20inverter%20OR%20electricity%20OR%20power%20OR%20grid&restrict_sr=1&sort=new,reddit,en,Nigeria solar inverter leads,medium,1,"Country search fallback"
Africa,Nigeria,Facebook Nigeria Solar Installers search,https://www.facebook.com/search/groups/?q=Nigeria%20solar%20installers,facebook_search,en,Nigeria solar groups,medium,0,"Manual review candidate"
Africa,Kenya,r/Kenya Solar/Electricity search,https://www.reddit.com/r/Kenya/search.rss?q=solar%20OR%20electricity%20OR%20inverter%20OR%20KPLC%20OR%20power&restrict_sr=1&sort=new,reddit,en,Kenya solar electricity,medium,1,"Country search fallback"
Africa,Kenya,Facebook Kenya Solar Installers search,https://www.facebook.com/search/groups/?q=Kenya%20solar%20installers,facebook_search,en,Kenya solar groups,medium,0,"Manual review candidate"
Africa,Ghana,r/ghana Solar/Electricity search,https://www.reddit.com/r/ghana/search.rss?q=solar%20OR%20electricity%20OR%20inverter%20OR%20power&restrict_sr=1&sort=new,reddit,en,Ghana solar electricity,medium,1,"Country search fallback"
Africa,Morocco,r/Morocco Solar/Electricity search,https://www.reddit.com/r/Morocco/search.rss?q=solar%20OR%20electricity%20OR%20PV%20OR%20substation&restrict_sr=1&sort=new,reddit,en/fr/ar,Morocco solar electrical,medium,1,"Country search fallback"
Africa,Ethiopia,r/Ethiopia Solar/Electricity search,https://www.reddit.com/r/Ethiopia/search.rss?q=solar%20OR%20electricity%20OR%20grid%20OR%20power&restrict_sr=1&sort=new,reddit,en,Ethiopia solar electricity,medium,1,"Country search fallback"
South Asia,India,Sunhub Solar Forum,https://forum.sunhub.com/forum/solar-kits-solar-systems/,forum,en,India solar kits rooftop PV,medium,1,"Solar forum with India topics"
South Asia,India,India Infrastructure News,https://indiainfrastructure.com/,news,en,India power infrastructure solar substations,medium,1,"Industry news source"
South Asia,India,r/StartUpIndia Solar search,https://www.reddit.com/r/StartUpIndia/search.rss?q=solar%20OR%20rooftop%20OR%20PV%20OR%20energy%20OR%20electricity&restrict_sr=1&sort=new,reddit,en,India solar startups leads,medium,1,"Startup/lead source"
South Asia,India,r/IndiaSpeaks Solar/Electricity search,https://www.reddit.com/r/IndiaSpeaks/search.rss?q=solar%20OR%20electricity%20OR%20rooftop%20OR%20substation%20OR%20power&restrict_sr=1&sort=new,reddit,en,India energy discussions,medium,1,"Country search fallback"
South Asia,India,r/india Solar/Electricity search,https://www.reddit.com/r/india/search.rss?q=solar%20OR%20electricity%20OR%20rooftop%20OR%20substation%20OR%20power&restrict_sr=1&sort=new,reddit,en,India solar electricity,medium,1,"Country search fallback"
South Asia,India,Facebook India Solar Installers search,https://www.facebook.com/search/groups/?q=India%20solar%20installers,facebook_search,en/hi,India solar groups,medium,0,"Manual review candidate"
South Asia,Pakistan,PakWheels Solar/Inverter search,https://www.pakwheels.com/forums/search?q=solar%20inverter,forum,en/ur,Pakistan solar inverters,low,1,"Broad forum; keyword monitor"
South Asia,Pakistan,r/pakistan Solar/Electricity search,https://www.reddit.com/r/pakistan/search.rss?q=solar%20OR%20electricity%20OR%20inverter%20OR%20power%20OR%20grid&restrict_sr=1&sort=new,reddit,en/ur,Pakistan solar electricity,medium,1,"Country search fallback"
South Asia,Bangladesh,r/bangladesh Solar/Electricity search,https://www.reddit.com/r/bangladesh/search.rss?q=solar%20OR%20electricity%20OR%20IPS%20OR%20inverter%20OR%20power&restrict_sr=1&sort=new,reddit,en/bn,Bangladesh solar electricity,medium,1,"Country search fallback"
South Asia,Sri Lanka,r/srilanka Solar/Electricity search,https://www.reddit.com/r/srilanka/search.rss?q=solar%20OR%20electricity%20OR%20inverter%20OR%20CEB%20OR%20power&restrict_sr=1&sort=new,reddit,en,Sri Lanka solar electricity,medium,1,"Country search fallback"
East Asia,China,China Solar PV Reddit search,https://www.reddit.com/search.rss?q=China%20solar%20PV%20inverter%20grid%20substation&sort=new,reddit,en,China solar PV manufacturing grid,medium,1,"Global Reddit search; Chinese web forums require separate approach"
East Asia,China,Chinaseite Solar China Forum,https://forum.chinaseite.de/,forum,de/en,China solar import PV,low,1,"China-related forum; EU import discussions"
East Asia,China,Facebook China Solar PV Manufacturers search,https://www.facebook.com/search/groups/?q=China%20solar%20PV%20manufacturers,facebook_search,en,China PV manufacturers,medium,0,"Manual review candidate"
East Asia,Japan,r/japan Solar/Electricity search,https://www.reddit.com/r/japan/search.rss?q=solar%20OR%20PV%20OR%20electricity%20OR%20grid%20OR%20substation&restrict_sr=1&sort=new,reddit,en/ja,Japan solar electricity,medium,1,"Country search fallback"
East Asia,Japan,r/japanlife Solar search,https://www.reddit.com/r/japanlife/search.rss?q=solar%20OR%20electricity%20OR%20PV%20OR%20power%20bill&restrict_sr=1&sort=new,reddit,en,Japan solar leads,medium,1,"Expat/homeowner lead source"
East Asia,Japan,Facebook Japan Solar PV search,https://www.facebook.com/search/groups/?q=Japan%20solar%20PV,facebook_search,en/ja,Japan solar groups,medium,0,"Manual review candidate"
East Asia,South Korea,r/korea Solar/Electricity search,https://www.reddit.com/r/korea/search.rss?q=solar%20OR%20electricity%20OR%20PV%20OR%20KEPCO%20OR%20grid&restrict_sr=1&sort=new,reddit,en/ko,Korea solar electricity,medium,1,"Country search fallback"
East Asia,South Korea,Facebook Korea Solar PV search,https://www.facebook.com/search/groups/?q=Korea%20solar%20PV,facebook_search,en/ko,Korea solar groups,medium,0,"Manual review candidate"
Southeast Asia,Singapore,HardwareZone Renovation/Electrical search,https://forums.hardwarezone.com.sg/,forum,en,Singapore electrical solar,medium,1,"Large Singapore forum; keyword monitor"
Southeast Asia,Singapore,r/singapore Solar/Electricity search,https://www.reddit.com/r/singapore/search.rss?q=solar%20OR%20electricity%20OR%20SP%20Group%20OR%20PV&restrict_sr=1&sort=new,reddit,en,Singapore solar electricity,medium,1,"Country search fallback"
Southeast Asia,Malaysia,Lowyat Forum Solar search,https://forum.lowyat.net/,forum,en/ms,Malaysia solar electricity,medium,1,"Large Malaysia forum; keyword monitor"
Southeast Asia,Malaysia,r/malaysia Solar/Electricity search,https://www.reddit.com/r/malaysia/search.rss?q=solar%20OR%20electricity%20OR%20TNB%20OR%20PV%20OR%20inverter&restrict_sr=1&sort=new,reddit,en/ms,Malaysia solar electricity,medium,1,"Country search fallback"
Southeast Asia,Indonesia,Kaskus Solar/Electricity search,https://www.kaskus.co.id/,forum,id,Indonesia electrical solar,medium,1,"Large Indonesia forum; keyword monitor"
Southeast Asia,Indonesia,r/indonesia Solar/Electricity search,https://www.reddit.com/r/indonesia/search.rss?q=solar%20OR%20listrik%20OR%20PLTS%20OR%20inverter%20OR%20PLN&restrict_sr=1&sort=new,reddit,en/id,Indonesia solar electricity,medium,1,"Country search fallback"
Southeast Asia,Philippines,PinoyExchange Solar/Electricity search,https://www.pinoyexchange.com/,forum,en/tl,Philippines electricity solar,low,1,"Broad forum; verify activity"
Southeast Asia,Philippines,r/Philippines Solar/Electricity search,https://www.reddit.com/r/Philippines/search.rss?q=solar%20OR%20electricity%20OR%20Meralco%20OR%20inverter%20OR%20power&restrict_sr=1&sort=new,reddit,en/tl,Philippines solar electricity,medium,1,"Country search fallback"
Southeast Asia,Thailand,ASEAN NOW Thailand Solar search,https://aseannow.com/forum/,forum,en,Thailand solar electrical expat leads,medium,1,"Thailand expat forum; keyword monitor"
Southeast Asia,Thailand,r/Thailand Solar/Electricity search,https://www.reddit.com/r/Thailand/search.rss?q=solar%20OR%20electricity%20OR%20inverter%20OR%20PEA%20OR%20MEA&restrict_sr=1&sort=new,reddit,en/th,Thailand solar electricity,medium,1,"Country search fallback"
Southeast Asia,Vietnam,r/VietNam Solar/Electricity search,https://www.reddit.com/r/VietNam/search.rss?q=solar%20OR%20electricity%20OR%20PV%20OR%20EVN%20OR%20power&restrict_sr=1&sort=new,reddit,en/vi,Vietnam solar electricity,medium,1,"Country search fallback"
Oceania,Australia,Whirlpool Green Tech Solar,https://forums.whirlpool.net.au/forum/143,forum,en,Australia solar PV batteries energy,high,1,"Major Australian solar/green tech forum"
Oceania,Australia,Energy Matters Forum,https://forums.energymatters.com.au/,forum,en,Australia solar PV energy,medium,1,"Australian solar forum; verify activity"
Oceania,Australia,Renovate Forum Electrical,https://www.renovateforum.com/f195/,forum,en,Australia electrical installations,medium,1,"Building/electrical forum"
Oceania,Australia,r/AusElectricians,https://www.reddit.com/r/AusElectricians/search.rss?q=solar%20OR%20PV%20OR%20switchboard%20OR%20AS3000%20OR%20battery&restrict_sr=1&sort=new,reddit,en,Australian electricians solar,high,1,"Trade community"
Oceania,Australia,r/AusRenovation Solar/Electrical search,https://www.reddit.com/r/AusRenovation/search.rss?q=solar%20OR%20electrician%20OR%20switchboard%20OR%20battery%20OR%20inverter&restrict_sr=1&sort=new,reddit,en,Australian renovation electrical leads,medium,1,"Lead source"
Oceania,Australia,Facebook Australia Solar Installers search,https://www.facebook.com/search/groups/?q=Australia%20solar%20installers,facebook_search,en,Australia solar groups,medium,0,"Manual review candidate"
Oceania,New Zealand,Geekzone Solar PV,https://www.geekzone.co.nz/forums.asp?forumid=141,forum,en,NZ electrical solar PV,high,1,"New Zealand tech/electrical forum"
Oceania,New Zealand,Lifestyle Block Solar Power,https://forums.lifestyleblock.co.nz/,forum,en,NZ rural solar power,medium,1,"Rural/lifestyle solar discussions"
Oceania,New Zealand,r/nzsolar,https://www.reddit.com/r/nzsolar/search.rss?q=solar%20OR%20battery%20OR%20electrician%20OR%20ASNZS%20OR%20inverter&restrict_sr=1&sort=new,reddit,en,NZ solar PV,high,1,"Dedicated NZ solar subreddit"
Oceania,New Zealand,r/newzealand Solar/Electricity search,https://www.reddit.com/r/newzealand/search.rss?q=solar%20OR%20electricity%20OR%20battery%20OR%20inverter%20OR%20electrician&restrict_sr=1&sort=new,reddit,en,NZ solar electricity,medium,1,"Country search fallback"
Oceania,New Zealand,Facebook New Zealand Solar Installers search,https://www.facebook.com/search/groups/?q=New%20Zealand%20solar%20installers,facebook_search,en,NZ solar groups,medium,0,"Manual review candidate"
