platform,region,country,source_name,url,source_type,language,focus,confidence,enabled,notes
Reddit,Global,Global,r/ElectricalEngineering,https://www.reddit.com/r/ElectricalEngineering/search.rss?q=substation%20OR%20%22power%20system%22%20OR%20solar%20OR%20%22power%20factor%22&restrict_sr=1&sort=new,reddit,en,electrical engineering power systems substations solar,high,1,"Large EE community; good for technical discussions and leads"
Reddit,Global,Global,r/electricians,https://www.reddit.com/r/electricians/search.rss?q=solar%20OR%20substation%20OR%20transformer%20OR%20switchgear%20OR%20%22power%20factor%22&restrict_sr=1&sort=new,reddit,en,electricians installations solar switchgear,high,1,"Trade community; practical installer questions"
Reddit,Global,Global,r/solar,https://www.reddit.com/r/solar/search.rss?q=commercial%20OR%20utility%20OR%20inverter%20OR%20transformer%20OR%20interconnection&restrict_sr=1&sort=new,reddit,en,solar PV commercial utility interconnection,high,1,"Large solar PV community"
Reddit,Global,Global,r/DIYsolar,https://www.reddit.com/r/DIYsolar/search.rss?q=inverter%20OR%20battery%20OR%20grid%20OR%20PV%20OR%20protection&restrict_sr=1&sort=new,reddit,en,DIY solar batteries inverters,high,1,"Useful for practical PV and BESS questions"
Reddit,Global,Global,r/renewableenergy,https://www.reddit.com/r/renewableenergy/search.rss?q=solar%20OR%20grid%20OR%20substation%20OR%20BESS%20OR%20interconnection&restrict_sr=1&sort=new,reddit,en,renewable energy grid integration,medium,1,"News and industry discussion"
Reddit,Global,Global,r/energy,https://www.reddit.com/r/energy/search.rss?q=grid%20OR%20solar%20OR%20transmission%20OR%20substation%20OR%20battery&restrict_sr=1&sort=new,reddit,en,energy news grid solar storage,medium,1,"Broad energy news/discussion"
Reddit,Global,Global,r/AskEngineers,https://www.reddit.com/r/AskEngineers/search.rss?q=electrical%20power%20OR%20substation%20OR%20solar%20design%20OR%20power%20factor&restrict_sr=1&sort=new,reddit,en,engineering questions leads,medium,1,"Lead source for people asking for engineering guidance"
Reddit,Global,Global,r/MEPEngineering,https://www.reddit.com/r/MEPEngineering/search.rss?q=electrical%20OR%20solar%20OR%20transformer%20OR%20switchgear%20OR%20load%20calculation&restrict_sr=1&sort=new,reddit,en,MEP electrical design,medium,1,"Building electrical design and consultant questions"
Reddit,Global,Global,r/PLC,https://www.reddit.com/r/PLC/search.rss?q=substation%20OR%20switchgear%20OR%20power%20plant%20OR%20solar%20OR%20SCADA&restrict_sr=1&sort=new,reddit,en,industrial automation power plants SCADA,medium,1,"Automation/control discussions relevant to substations and plants"
Reddit,Global,Global,r/PowerShell,https://www.reddit.com/r/PowerSystemsEngineering/search.rss?q=substation%20OR%20protection%20OR%20transmission%20OR%20distribution&restrict_sr=1&sort=new,reddit,en,power systems engineering,low,1,"Candidate subreddit; verify activity/existence"
Reddit,Europe,United Kingdom,r/solarUK,https://www.reddit.com/r/solarUK/search.rss?q=inverter%20OR%20DNO%20OR%20G99%20OR%20commercial%20OR%20battery&restrict_sr=1&sort=new,reddit,en,UK solar PV DNO G99,high,1,"UK solar community"
Reddit,Europe,United Kingdom,r/ukelectricians,https://www.reddit.com/r/ukelectricians/search.rss?q=solar%20OR%20PV%20OR%20transformer%20OR%20switchgear%20OR%20design&restrict_sr=1&sort=new,reddit,en,UK electrical installations,medium,1,"UK electrician discussions"
Reddit,Europe,Germany,r/de_EDV Solar/Energy search,https://www.reddit.com/r/de_EDV/search.rss?q=Photovoltaik%20OR%20Strom%20OR%20Wechselrichter%20OR%20Netzanschluss&restrict_sr=1&sort=new,reddit,de,German tech PV energy,medium,1,"German-language tech subreddit; keyword filtering"
Reddit,Europe,Germany,r/Elektroinstallation,https://www.reddit.com/r/Elektroinstallation/search.rss?q=PV%20OR%20Photovoltaik%20OR%20Schaltschrank%20OR%20Trafo%20OR%20Netzanschluss&restrict_sr=1&sort=new,reddit,de,electrical installations PV Germany,medium,1,"Candidate German electrical subreddit"
Reddit,Europe,France,r/france Solar/Electricite search,https://www.reddit.com/r/france/search.rss?q=photovolta%C3%AFque%20OR%20%C3%A9lectricit%C3%A9%20OR%20poste%20%C3%A9lectrique%20OR%20raccordement&restrict_sr=1&sort=new,reddit,fr,French energy solar questions,medium,1,"Country subreddit fallback"
Reddit,Europe,Italy,r/italy Solar/Elettrico search,https://www.reddit.com/r/italy/search.rss?q=fotovoltaico%20OR%20elettrico%20OR%20cabina%20elettrica%20OR%20inverter&restrict_sr=1&sort=new,reddit,it,Italian solar electrical,medium,1,"Country subreddit fallback"
Reddit,Europe,Spain,r/Spain Solar/Electricidad search,https://www.reddit.com/r/Spain/search.rss?q=fotovoltaica%20OR%20electricidad%20OR%20subestaci%C3%B3n%20OR%20inversor&restrict_sr=1&sort=new,reddit,es,Spanish solar electrical,medium,1,"Country subreddit fallback"
Reddit,Europe,Netherlands,r/Netherlands Solar/Elektra search,https://www.reddit.com/r/Netherlands/search.rss?q=zonnepanelen%20OR%20elektra%20OR%20omvormer%20OR%20netbeheerder&restrict_sr=1&sort=new,reddit,nl,Dutch solar electrical,medium,1,"Country subreddit fallback"
Reddit,Europe,Poland,r/Polska PV/Elektryka search,https://www.reddit.com/r/Polska/search.rss?q=fotowoltaika%20OR%20elektryka%20OR%20falownik%20OR%20transformator&restrict_sr=1&sort=new,reddit,pl,Polish solar electrical,medium,1,"Country subreddit fallback"
Reddit,Europe,Sweden,r/sweden Solceller/El search,https://www.reddit.com/r/sweden/search.rss?q=solceller%20OR%20elinstallation%20OR%20v%C3%A4xelriktare%20OR%20eln%C3%A4t&restrict_sr=1&sort=new,reddit,sv,Swedish solar electrical,medium,1,"Country subreddit fallback"
Reddit,Europe,Norway,r/norge Solceller/Elektro search,https://www.reddit.com/r/norge/search.rss?q=solceller%20OR%20elektriker%20OR%20inverter%20OR%20nett%20OR%20trafo&restrict_sr=1&sort=new,reddit,no,Norwegian solar electrical,medium,1,"Country subreddit fallback"
Reddit,Europe,Denmark,r/Denmark Solceller/El search,https://www.reddit.com/r/Denmark/search.rss?q=solceller%20OR%20elektriker%20OR%20inverter%20OR%20elnet%20OR%20transformer&restrict_sr=1&sort=new,reddit,da,Danish solar electrical,medium,1,"Country subreddit fallback"
Reddit,Europe,Finland,r/Suomi Aurinkopaneelit/Sahko search,https://www.reddit.com/r/Suomi/search.rss?q=aurinkopaneelit%20OR%20s%C3%A4hk%C3%B6%20OR%20invertteri%20OR%20s%C3%A4hk%C3%B6verkko&restrict_sr=1&sort=new,reddit,fi,Finnish solar electrical,medium,1,"Country subreddit fallback"
Facebook,Global,Global,Electrical Engineering Questions,https://www.facebook.com/groups/electricalenggtechnology/,facebook_group,en,electrical engineering questions,medium,0,"Publicly discoverable group; requires manual review/login"
Facebook,Global,Global,Professional Electrical Engineers,https://www.facebook.com/groups/3167634463285220/,facebook_group,en/ar,HV switchgear IEC IEEE electrical engineering,medium,0,"Publicly discoverable group; international professional audience"
Facebook,Global,Global,Electricians,https://www.facebook.com/groups/237138492156724/,facebook_group,en,electricians installation questions,medium,0,"Publicly discoverable group; practical trade leads"
Facebook,Global,Global,Solarpreneurs,https://www.facebook.com/groups/192772701642340/,facebook_group,en,solar sales lead generation,medium,0,"Solar business group; useful for market signals"
Facebook,Europe,Europe,Off Grid Only Europe,https://www.facebook.com/groups/643445954486718/,facebook_group,en,off-grid property solar Europe,medium,0,"Europe-focused off-grid/solar context"
Facebook,Europe,Europe,Solar PV Europe group search,https://www.facebook.com/search/groups/?q=solar%20PV%20Europe,facebook_search,en,solar PV Europe groups,medium,0,"Search candidate; manual selection required"
Facebook,Europe,Europe,Electrical Engineers Europe group search,https://www.facebook.com/search/groups/?q=electrical%20engineers%20Europe,facebook_search,en,electrical engineering Europe groups,medium,0,"Search candidate; manual selection required"
Facebook,Europe,United Kingdom,UK Solar PV Installers group search,https://www.facebook.com/search/groups/?q=UK%20solar%20PV%20installers,facebook_search,en,UK solar installers,medium,0,"Search candidate; manual selection required"
Facebook,Europe,Germany,Photovoltaik Deutschland group search,https://www.facebook.com/search/groups/?q=Photovoltaik%20Deutschland,facebook_search,de,Germany photovoltaics,medium,0,"Search candidate; manual selection required"
Facebook,Europe,France,Photovoltaïque France group search,https://www.facebook.com/search/groups/?q=photovolta%C3%AFque%20France,facebook_search,fr,France photovoltaics,medium,0,"Search candidate; manual selection required"
Facebook,Europe,Italy,Fotovoltaico Italia group search,https://www.facebook.com/search/groups/?q=fotovoltaico%20Italia,facebook_search,it,Italy photovoltaics,medium,0,"Search candidate; manual selection required"
Facebook,Europe,Spain,Fotovoltaica España group search,https://www.facebook.com/search/groups/?q=fotovoltaica%20Espa%C3%B1a,facebook_search,es,Spain photovoltaics,medium,0,"Search candidate; manual selection required"
Facebook,Europe,Portugal,Fotovoltaico Portugal group search,https://www.facebook.com/search/groups/?q=fotovoltaico%20Portugal,facebook_search,pt,Portugal photovoltaics,medium,0,"Search candidate; manual selection required"
Facebook,Europe,Netherlands,Zonnepanelen Nederland group search,https://www.facebook.com/search/groups/?q=zonnepanelen%20Nederland,facebook_search,nl,Netherlands solar panels,medium,0,"Search candidate; manual selection required"
Facebook,Europe,Belgium,Zonnepanelen België group search,https://www.facebook.com/search/groups/?q=zonnepanelen%20Belgi%C3%AB,facebook_search,nl/fr,Belgium solar panels,medium,0,"Search candidate; manual selection required"
Facebook,Europe,Poland,Fotowoltaika Polska group search,https://www.facebook.com/search/groups/?q=fotowoltaika%20Polska,facebook_search,pl,Poland photovoltaics,medium,0,"Search candidate; manual selection required"
Facebook,Europe,Romania,Fotovoltaice Romania group search,https://www.facebook.com/search/groups/?q=fotovoltaice%20Romania,facebook_search,ro,Romania photovoltaics,medium,0,"Search candidate; manual selection required"
Facebook,Europe,Sweden,Solceller Sverige group search,https://www.facebook.com/search/groups/?q=solceller%20Sverige,facebook_search,sv,Sweden solar panels,medium,0,"Search candidate; manual selection required"
Facebook,Europe,Norway,Solceller Norge group search,https://www.facebook.com/search/groups/?q=solceller%20Norge,facebook_search,no,Norway solar panels,medium,0,"Search candidate; manual selection required"
Facebook,Europe,Denmark,Solceller Danmark group search,https://www.facebook.com/search/groups/?q=solceller%20Danmark,facebook_search,da,Denmark solar panels,medium,0,"Search candidate; manual selection required"
Facebook,Europe,Finland,Aurinkopaneelit Suomi group search,https://www.facebook.com/search/groups/?q=aurinkopaneelit%20Suomi,facebook_search,fi,Finland solar panels,medium,0,"Search candidate; manual selection required"
